Address,ADA Value,account_id,discord_username
addr1q8lraj8prxnghv8n0lluplqvpka9ksf4040j7nf4d0nyjyj0pqs3ylqenywp8uswswweydapyzkk362atpxj08slh04qyu9ktz,2974.16,378,kernalangus
addr1q938r7fpat04r4ez2wlzxjja8eet0w23dem4ewdr0zm38w37p4fq8atf89dg0phalvsu6sej44lqweyjappga8h4fffslcm404,2396.27,185,wuweijk
addr1q93074m60wx96vr78r6vmytuejdesmrxgvr9787q08t0lw6nwda4q6awu7cjd2jgjsqw555aj0keelrt6jx78u5klm9szv7ftp,1530.07,1921,invictusknights
addr1qy8xk7vpnt57uf4mxsufa3e8duhzdsk29rutxsl9a9vrqx0cfhw263dnxtwyfg8yff3m3yeqezu4tum7zcltm8e0s6cqg22709,1438.81,555,jordan1111
addr1qyhf7wsgw9dsxpktx5hss8vy46x8h8eplpjj70wjldsr3eu3d2tzd3pwrff7f6y49x5v6dnvv622ezkanajmt4pjtywsnegstv,933.36,304,chrisramirez
addr1qyj6rg2amwuh7tspjrugs64u0x6s7hx777rplttk4fy5sjpk0sy73n24y70wehtswdre7madk9vdxxvwu9pndm8c2d7sh2mzug,866.08,120,liamcnft
addr1qxjuvydfy80uvkgpnju8a6nezz7sc3nm02yk0sqdpyn6el3v5tupkt4pmc8vafnutmva6vr2wxc4mqaa8wfpqeqvqm9qvh60jq,741.38,276,bas.017
addr1q8quch993qjm5fqs0444zkrcp39lucl4p2aq0tmjdrdwl443f4p9yzx087j4lztest9z3kf6ug8md0pr4l96fdax5y3sh7m7g3,700.20,189,zacrostxt
addr1q9h7hpq3ule648g2smdyyxylpqxvd4z7jtr5ujxh254khw5c6k6tkwznqhwyvcst0sgpverx2cpzl20kdvxy0me75rns4cqxnq,694.66,173,kubukindian
addr1qxx3kms53hg3662nvsuwyv8jkwfmaen3zvfyu0tyt2hv9cfg4hr8a3vkzd52kvgd5z9465s8uhpmyttvkljjte679k2qtd567z,668.36,163,ball_hawkin
addr1qy443gpzqt7dqmh0jdxy25gxs5syygstv7urdsgff0ed0jvw2pnt2ydcferp4wjr999f0wsx9y7qygyyctznzpqe6yvq902njf,658.86,123,crash29
addr1q9pcw3fnq7f6lpz2g5kfud7shweyvwjegepkpf50uakwnvludljgye0kw6yg8jqq2rjqw2wz92dd4vvx62tu0lp426as4znvv6,645.30,172,carolinasantos
addr1q83ssq7cnqglkwqrw65ldvhefg2m6xcwdp96cygj3pgd7jczpzgv5kztm5cl98x76e35vy9fea7zm2g03ql5llm7dzas2c5jxv,553.54,413,underdogadam
addr1q8a3eevu3wxayyk2mt2mrz9vuuxmuhjfzzcwqm89dj0g63g5lmejs3ceyjv2pz44kan22w3c49a39l4z0lkslhw5p9asuh72tk,529.12,1305,ruach.elessar
addr1qx09reh367quu863est54evxx2h5dl3a304msz2zn3qsg2m0tay9n7pz0hduge6dd7mesjtcaal0knwad2nht2ujmq9q52kaal,495.85,273,dhp157
addr1qxhlp7l3qhn56mwns420fnxex9jhxt68wpg6k0csk63xu2mzlj2swljl6y0slkpn8anrregnqfzlj9nnlvptzkllx9zshe3eg3,493.40,183,jkfsandham
addr1q9axj8gdvfr50wpfuqy2cu59u9j444ga27myu7jhgrnpc2y8677h0zr7fhd25c2gmmwyjk9sq8ap9k0cc7fcze0e0rys329245,489.47,235,pixeeart
addr1q8s992xrtrrp49p8rlpj9a6a3xqkkmdmah8nfhcwlmldvclqy7as6q9vmnlecxlr099thgcahus0pktrqrs47ytxmg5shjh9u7,463.36,118,ashleycnft
addr1q9yyrzv6tmdpa48x30wvv8qc0gc5s3rkdl2du74y3au229qsrqyzuq20qme97letkg0spexkxfma5wklt8n35edswjkqagrmdg,449.15,246,man.u99
addr1qyev0kaan0kumf9ajmurpqlsf6vn08en3u2wfkqaef2zhhcdntlcrpn945t2pdmu6f4afh7m3k4whhc4uupusjezlfasvvmrhs,435.49,1818,thebuilders310
addr1qxg40dlsqfqa7qa25qmga0xttg89lrzvmvyqlhtrhmk0kyn2prypx22wfe3xrsehdc4kgu4xkkwm8qcmklu2ezyyj5kqlvegzd,413.12,305,.sweemy
addr1q9v0p028kx9hp9yfxytm54p5k4t408lufm098sdrpwjwpgmtlm4cmxma3xv7zkj02xlzyymr9g5zadm967j7ry7epcxq7vsgpk,410.51,383,alkamyst.
addr1q99hjus8vk4cvf8x6pxceg64jgnqypp0qnttdm3dpy4d3pfq05z6crum6gx5nxvxvfpe8nq3fdf9h5segwnpjtvjsqsshxwxnx,391.50,139,blackyuk
addr1q9za0jqy3m08qyhajsv09mrtq3h6053x3xqvuraemthfr9wr7uqrhzen96zsvdp6rcj2qt64sf3xj6p50j9dsj7ledcqk6nyhj,387.89,283,duck_duck_juice
addr1qx2he3wrdf2hck34t8ej7ugvy23na9dprck5f8l9tlm7f96q2j3t599sx3qergddpjn065h9clss2hvfx59dt760e2nq6gupal,360.23,493,shard9558
addr1q84c2eggrx89y39eleqvk4techr8l9x2a470aavddsm9umq2x9nyalh2rxzjwtr4x89ja3sq2xk6wyu3qhk3yflxukqqe5fzrs,347.64,779,tdannyuk123
addr1qyp772czuk54yyeq409q47fjuc9qer9qet84v8d2dhw6vlz2axe7na0lwdl3lfkskpukjn7ya8vq9c54zcjxqxpussgqs0lvxm,328.68,540,cardanoshield
addr1qxnk4usqr4x2ysgqy08h0j3wez5agcu79jvfnl6dkw4smpfmjuvjp3cl2erdylf8q9kyh4mg3cwwqgw5nzj08emc5vkssrjpp5,324.77,721,jeffdukes1
addr1q8527h0glznp3uvf58ehr24z39q5ehkgqvjjmjcz0lvlguwn8nl4nvcnt7250h5txwhwxu4e7ur5swp84jc7zcrtgsvqhnhs9r,309.74,356,d4rthyo
addr1qym8fkjq9h9wcjv9x3vytuapvye9a8ujnymmvcvwu92059mx4uty83yrn2ttnqnhyjz4ahjwsr3wjqmec25lutg0c3gqsgsncw,307.47,165,tomtombeast
addr1q9lalkdr4v65llwkmmy3g6vafqzh8nd3632wsrevklyaz39ylc7ucu0e2jcqc0jqhljqtj0lqu0exzutlw74xz9dzg6q7p92av,296.40,641,krenk5566
addr1q8upn8q3x2qr98hyexvvuva938t58lw2euc0jqg45zdsafhng0g9rx88yrytzvtvanwh5uaku3quvthh30cxdhtc6hqqh3u02g,283.33,131,eaglefang365
addr1q94m0jww6qms9tkuy6s4de23u5xgg53v3rv0r3v5m4ehn9nqk2l72j0mshg6ya8zfn0xjqzde8x7td4mpd3y6qcvjxtshv7n0r,282.14,278,zzik8081
addr1q8hdcm460vf40nmxnsnl6hvsyfudyjy0hamz2e2apsutwpc6dqchz2egt2jf6wgfal5s9c4j0qunu8ug6xkl7hrang5sw4yv3p,262.01,196,aflojzy
addr1qx6s83tkvs0zvvfg8wrawlegr2pph9mvcmkc6a7kr5a0atzjc0v5gfejacza0pthtq2729nhcjyhtnlgzgc4g0f5xwpstppeuw,255.29,199,theinvestronaut
addr1qyzfu5plchzuchvpp8klp8wvt5y7w5flnklaha6yayj8jvm2ymz2m8j0wcdmyevj52uj57rj8xcek2ml7e6nuz92ym8qwf34cv,255.12,245,cardampl
addr1q87p4g3j6edaf2jgf8ma9lmep85xhrvc8ks3fn2amt7alf4vl58ydueg86q74s62naw820yz79qvpu9chn8rj2at20hstlq2p9,248.14,122,chiefmidnight
addr1q9g5dug46y6q398apyspayqc2uwleg5m7c2937glzmj4paxggzpvyh9r33wc5rz2etkm508ywf53g2q6et9xcfe0h2eq8hzvmr,246.41,565,eddiewouldgo
addr1q8hdlc357ffkgel3pqpw3n3cymv8vpune2tphxuflm6xzvmj006r3nn76z6y2ruqdtpnjndyuycjz9f8ljw2g6kpq0hsejt2yc,237.86,284,uckie
addr1q8vn7zezg2dpp0x2c90w5naz2tqf27y6r32tetvm5v82ua6lepk5ldrqedp3sgxxxf2svvq468p88v3emnn29gh8rqtsz9mpws,234.84,297,broeselpada
addr1q8l9ugvcuqn6f6q9tee2tesngq5q0wn7s4hy58tmmkl42665sl6tftmu93r0w7ugw9lap0jhg0a486r0yp6f36860lzqu94dxk,229.47,140,erah0
addr1qxsuapfxj8dchqgdynukmv2u6gh36cm0hespu4uadm27tn6mm87q8qgtsh954kd9yhvuvtsyjxex84z92grd84ka4n5q03fjne,228.37,261,serhellkite
addr1q99km3wgvmxj3ymy5c5jgvaydeqnglxt0p58a6jeg9ecry0yfdceutlsv20evsz8myu0cllwwr097ua6vrncp097p8msrz2ens,216.48,459,dillydallier.
addr1q85nfw9e92ky8yfv4rphxzky3szfkju6dkxk77cz4dqg4rvxewehwrsy4h4y3e6ed378f409wq29h2q5fq0rk5j30r8qv9q92y,213.62,206,mirekss
addr1qywncqdz3dph7wk5ezqnv3e0c9fpywnjmy706fnqqf7fftv3z6ryqeszjh0ucekcvk4entw8nr8qrk7t0p39xwvajvrqv8jy7v,209.95,403,samansh6646
addr1qyh28ywtg0pg0kv2ncwesspn8j5twnny2q93hkepewux8pdh8c8ugg0ryg7h7e6hmtf9lpjd3xgluxs8hsm6zyuyfnxqup035j,205.44,349,bloxo.
addr1qyfdn9mg3r83ztj55l07n4xl7nsrjev2jtp39elpp6xk42lwhwt3edwp2l7j5zafesrpxvllyglkxmu8rh59g33af76q2xyz7z,204.26,1845,._arsham_.
addr1qxtzsjuymlxp8etc8jm4l7q7n8r0lnjpftqrvszzja59mhfchmjk5crcfs47r0xye5658rp32r60cp6krzrh0a0tfluq400lga,193.22,164,wnnrome
addr1q99qhlgrynat2qgxcynp63pysayzjvvvsgt5cxu7q3nxw35n6xv8fp0sp9pg3cwfagmxad48qsmuwlywc2gzzdlm89sqge0356,178.10,448,truehue
addr1qy2qlwwvq4qklyzzt4uwd3l0lj0xdlzj8akyfzxqjrq927uf7zujppyjnnnus582nm8fv347nwe25wfqrnae4zmva84qanx0tl,177.88,363,.furzgurke
addr1q8cntjdlgvhmcnte7fmcx3glhch6nv22xtu0k8leeh8etmkuzc5ax98m2cg9a0yct5pwf2u25r3v084jy476c8he7ghsjdzh87,169.18,352,wtp8130
addr1q89aaf4nsnvpuzu0f8wvsltd265z7fzht3ac32rkkjg0wfequs3ts7s9thml5435fm95qe95ge9khavs6dahz9u9dc2q495emf,164.22,511,brewsters
addr1qx6jdtvll9xra90w6vjfzw3szcq6lmk5pee0zjm70lprau9kjyyrkd223hktrpgsqjxj942htvcm5kg43x6rps60mausdqdly9,154.55,268,captcyborg
addr1q8x0ryrlgvh7rs5rp3rswuzkppm0vlmslh9r48u9q6t5pw43sq6hy02c5s5tvkz90d27h26qdxdd8mwv6k6svvucccaszkp8gz,151.85,706,koongki
addr1q8nt9kfv436l95u2mtvtcrkmu3gle036n7zp9y4ttqc9gvl6hw65v2yklljpw2llgfdakfrzaqqzf40nrx37zr306zfqzhqatz,150.29,372,jackson515
addr1qydrt2vzswwhrmv0ldvkezwf6yp5u89sjlar2w0yec2luhh06suk48ls0uk78htzhglv6cd7mcmdw6cksjceuwzexmzsttapet,146.50,604,handle_z
addr1qxauzxzzlg84hlu0ets226lgc64m4rassnq8npvqvf934xt29d2dmz7xf3v8ujgt9xcwwu3l4mw7wjflycjssmju9wrsdnv2l5,146.05,880,adahulk
addr1qywuvcn0y8aj65p2m9p4rv4r9s9kyrh0gyqtphzamgtyhxkyh7jr4e2mmmfml7qeelvekeu08sv5z3wfhnzn6p3uzk9sxk8wf6,145.95,1306,abezir
addr1q8p34ufd2p6w6nlnndzr6fnuc65kvrykna2wggqpphavp9m9aev524ncjxspptyt6nlxyfzur0h8s239560tpt5jf4cqlzp704,137.04,275,fooray81
addr1qx828ulad2nwrtj3ax0al50tluem6qz9m60dm3nmy8ndyfcazp94jx745vl8w58lgqrha4xurywr74486vm2443ew4qsgg6n6n,134.62,1208,orobor
addr1qyysqvf8tmhgy9slj6x2axvfsskhsuykl59nl88msrgdhtylqhj3gzp4whmzqejmt0vmhvjd3qh8n95t5nqtrdyplzlqwqjqes,126.29,795,0verdrip
addr1qxytgglem9h70yy832lj9hrguhaf8qw3g3fe3mh377a6u2pg9dgkl2ytujygk5qh5358yj0nrxcuaq6v784vjscv902qfjxw9s,116.14,761,fridtjofshackleton
addr1qx2qezcpw0yva0ekeflhxnuravuyd2tl7hzxj92s3f4k9yw9s85tl8q4xazkmwxccudldrrmh5pn7z5zqaz6thz2tcps5ec02v,115.18,455,vuduchief
addr1q8lnrj6cnksgvqgat0mmkqw2n8cexw4335lf8rt7zxvzqqplh0njqu3tn6dfjj5x2c0ev42ncj2wxpvlptrcvu7qgh7qfjsv3w,113.19,421,easypseay
addr1q83ush0jpj5q46qee853h95m0wsha09cqzfzeheecx084mxlap88ekqdy8qslf7qgqgdghtf5acg5p8aguzm0p4p2yrqz7u7d7,112.31,708,mikej_uptownmarge6
addr1qy76wxplagsm0qsfkhmeqec6xwrp3tcz7x94aplpryltnn9sz4yn52qj6jhyu3zmras494w5lhk3g0fjc6aue4mact7sswj6an,111.95,254,ivank7043
addr1qxz767yrzsl6lv8t9dhwjrp0aj07p9gdagtyw2zqxudg4wz979f0zyprwpjpjjc26ak863wl0c6l4smtqwgljgrh32nszlk7uy,111.92,482,merx_ag_unintelligence
addr1q925p3978y652fw8jpunr8g754qj5vh2u4le7ecm648q5vp4w96lehwhnj0kmdhq3l4jzgw86dhgsj77hqdmaadg0wysc486tf,111.26,243,riicoo90
addr1q9rghu3khj30n3xjj3j6kzjkxd0fntfwjtjhv4s97kdv0c9rgsu0hmds6akclh8t32csxtmf3de9q3k6n6g4jfq0kgwsa3dwvm,110.04,270,gunnnada
addr1qy94dqyp04lnr4t0d4leny6z08wugp7dsd8xepyw8u6q459g9tnvmgqdzstfph6p8sv5m9mklc6s3pwncr9jke3ck26q8g373l,109.57,819,lars9393
addr1qxtwyrcnme0kg88h90xg4yd7x7rkafq6nv9yazt8qc6qgl78rvyyvxfgmnfdc0hmn5feherrjyrf84sxxc4ch7u9p27sf0e4a5,106.35,995,vizlines1530
addr1qytxfv3uz3pu4y837c884jz63s8r6g72pnlh4ymp8dgy7p7c9g45yd68cjsvww46j8v45u05lzknv8wm7ae2lv35tmast0zzcr,104.60,1030,orusha
addr1qyz0wwrzsf9esdwz4aw0cpyv3azhla9kzccvx7l45ktvmqveg66masw4zx58cfm05yh7kxu0v8pkn48x09jeqm750adsjx5c3y,103.63,564,matt79abig
addr1qy0t72zmdr3hrm3r95qmvrdwrfe7j6fw7ny530lmz42q4a5az8qjzz508gh4qr8s0r97srm69lhwjhlq69mjkwst428q8dd6ws,100.52,1967,pixtaper
addr1qyz8ynk79rw7fru0xrej7df25g9kcz8h9gtcdpre7v0grhqwmeslca3n5hjy03rjknh3lgahlnv9wepv4twu4x34qevq6xd9ay,99.18,456,lowergrizzly
addr1qxq4kdxa6ge3hx65zpkjv5z7a5zewg9qe5hc49nary08fqq6p64vr0z6h33m9lu9cyd94zsn29y5kv0gy0m0f3zueh7s2q2a5k,99.09,586,famousred88
addr1q8xe3n04xlcffjjajzmz98q338ms00kgwxedd244gx5j0cqh0a89julw7yxe7n3fd79cc6ll9whfvqx0gckjyc5959uqryl49q,98.68,742,bosscatalien
addr1q884g5pqqfn5vnchajnafg37uryf979mdux5vjutt6aqcum2vkp9rks5zhwn2kn25yfnmp353x96adq6q50mvxwsnlqqqa5znp,93.41,466,gilgamesh.nike
addr1q8xkajn4sph8jxt2xj90qfxt8qctnjzmj5t2twfdxm22vvp9rmxwp4ugs34pru36p6z0smtetr0xxthqa3yu7ywkvf0qc0jx7y,89.62,618,ham.mck
addr1qyqmlavtlzysvdqnm0e0a36lw06v6hqrju7dmu50p8rgzsxk0g82tdnp9hzfesamgrl564kcxzvklj4zfefy5ra45z9sqkdayw,87.04,630,andrev9034
addr1q8fvw3vccuhm9gpk7hsk0z9cfl7pv820wdpfgq2jmw9c7q4w9p3x34q8fdtfzsqdz8rge7vz8ldyv3mjn389q75jehqqcz90l4,85.25,417,lailolailo
addr1q9ck5xd77zr43r0k2fgrsqw63ad77qzl7t50u434v2xmn0f6erxluate43at5y2l023q5scg5yvfwcq9w6ma2fhpky0s94j72r,84.05,312,dirkvk
addr1qywj0nvp3qajk66r9evw5s8k9v0w68x3s7vlfys8yzkmzt46hzgcdc2ex9zhua30x05ywh5ttj3ulqfjhlx45mzlfwksqs4q9m,82.91,152,cherbert0123
addr1q99l9cclx07gyfe8866ypsj49ahzgcu454mce37zwyz8nvz5qypd9c3zfnwr4p4f2zmvqu9lg9thuer4smu0ssrsu3mq0azdh9,82.07,418,psychotron7x2
addr1qyckzdlwux8fx44elpyj566udvmlkwkwlyaj0vp4xp33zff3q6pgy3uvwp53ypmwr0ze0uwclpjssjzz4p8jqmzfn0gs6y3w6g,78.89,293,cognizant
addr1q98d2cqggjr26m4ydwgya8ngltex2jdef4kvffw72e58z5urj9pl0jhp6pq9q9nymwp7pqh44258rzzwmkks8zhr98vslzjxd3,74.84,234,klima03
addr1q9ttkuefk4rzgq9kgjlwhju4tfwvph35pvfxnpukjjhpk86g348309vwjmkhumwwlw7eeunewz7m7xkvcc3d75n4nvwq2gkaed,72.63,339,avocato4431
addr1q85pk49037arvwnnda7dweswutalt2eu94qlevcyyd42jfqg438ncnke5ddyz3jrnhlpw0yh9jn5y7c7tpaufua586vs2sxgjx,72.61,248,joew5904
addr1qxtmtwt73pl35r537ljk9xu0xz4evmdwzcqpaz75nuqtjt5sjuyxga8tez99uan2kpws62tey7l0x4e3rgulc326zc3slfj38l,72.31,514,besetbyinertia
addr1qxdfdyyc526t0ykgtud4wrkwtzj246l5e2mxkqp7g9xmed42edwadrtuakyyqehzg78uqmasqj7fc826a4fe2xrc99gsm36zes,72.30,369,g0ld_hands
addr1qyavx8j9rcfxxn9x0h7kya909fcdahglsnzutx6us8lacnkm3sefel3kplxhn7ey2zd8xzyx49zgsgcfflm3cyvamr9stpzlaa,69.20,812,saintbubu
addr1qx76su5yjte3d0jgx02spczp3jyszd2c9va2pv7t53m6pty3jtwt246phvv6g8dhzx8wxzpfjs7dxx7gs8mkeuzkcafs4pamnp,69.04,1240,sharedculture
addr1qxhw2eq470swvrde0fgdaa0jjjtkyjht678ar5wymygzna809psc8c5mw5c5lvyg8ln62xus74lpvfan8vzk56hlkrqqq24yf2,68.49,431,tania_tang
addr1qyadpydfu4qzqe2hcaq4p97g8jcpjgke5qse9vf2q683wmf50t5dy537mpfhn7utdw9uvsertcg0zmv5drea8tfz6scqcdlx54,67.16,477,kire5187
addr1q9ew749r3u8gh25xmg6wv3h6mpxzj95jc89rvmfvc5ys3puakl4l3fq2ags49vd95vk3aekh530yd8h8wvj3z28wc5lqk6m37v,65.87,1314,johannl9752
addr1qxm5ls50mr6lap3xq2r8x8g8dw4nkl97hqzz63hawq7d2h3vye7f2m3leksa8ee7z3t5ysxzmp969xd7guq602737pqqrpmnjz,65.03,471,ody6666
addr1q9t2fphu3knu0ujfparzf5s4ge8he4ug3qwvqduyz86unj34jkjajztxv63xesru6htkwuqlanudmuchuttg48qtdlds908ljl,64.45,629,jecellamnftzoo
addr1q9w2ap6lgj0cyewssfw4t40wreedm2t47xuyafx8lmfuljyn47rj9g9fgce3nq9g7k7krdh9a02klv4rj266d3lf69nqtaxuj8,63.31,442,crypnation
addr1q9c439tmwmzdyc72cz9exg24e6cfgcthdpz753pnyr7d2zzvzy0wrqju69x7hg7r45f4p58qw8tg30ctmakwvlkl6rkq78epmd,62.44,1419,qhtm
addr1qxv9xwyrhq3zfvvqtecf66q0epaat0pghwm5xsxl9da02s9xxxvl02gp59rj26v07xgrhprx2857rd3xjsl0uf3rgpjs3tajtd,60.04,1609,toni_zh
addr1qy0umlfe260el84pkmgzk9dnxqcnlp9yzjear6mmtxw848ps64luxdxc8etemrdn2cyfhd07msr6skctkv4rmejdp8qs9qjtj8,57.52,483,mjun4482
addr1q8jdt9jxnndae6nkgdvyuewz94qkx8zg999raetks6qjmvnln9d42dsa4dcdx7852g0uu3fc8n27quv5f54aegt3cdyq3r0rp2,56.28,380,vince1986
addr1q9jq43jkdcarxzejr4phpf2xhydyljn9d6hx3vycjn3sjsrdtz3ld5ekku6s5wkn7kahyug3sxkgekn0jwe3j84wa66s7msj9v,54.52,538,pnvkannan
addr1qx0s0p3wsflyuh73n0a6m089yve87wwmumwg6lucshx835vvhuwg80822x0j7fp95ed0cvefqlantutxxpj5jgqp06sqmj3dwq,54.13,449,kweelulaay
addr1q88qeky9stht62ghj9ynxzurkceyy6fe70xrhkjwgu0v49p5wjljnf88sj5dagxcrkra68s83q0snhwd87z4ygn32juq5y5rad,53.13,976,lamerblameret
addr1qyte9z8m4rzl9rfa9gp0ukpr3y5qsps0mgpk4e3j4syq3pjta8q3ndexd8mejrdw9fuzxy04379uhk7ju33lxezrczys729278,52.55,1824,degenbobsstoreogoodies
addr1qymslgq6x9r6kk8s0tam62chydkuy7ez66gt9lk9355wwxwy0t098xk2ets0c4ch2wyep4u3hlpc88wdle0lzc37neuq7y6mgh,52.00,718,tuanluong
addr1q9gajekwx4c4h2wj33lwt4ldcs3qmn9kynxuy3c99fyl3q6peu28p708syducwgrd8r4j3s2vv2pnvyjg40dvafe830q0nszjg,51.91,876,shift4444
addr1qyem46u9vh6jmqj4r6ugfk8jd0c66l5rrpdqjaepzejrt3zdf7426uygqhm9g2cnfd9umfvfma5zmh0l9gd0zumyyl6s7tgu98,49.61,348,juantelo
addr1q8c84v9cl3pke3hun84jy3wpscc5x2gkzj8tdd5fwfku93gfz9scp6srug9v9vyz2fvgm52y5yp25hw24a5x0ssgvt8q906dj0,48.95,169,jdavitt
addr1qxzlnzupsj47z2adgkd25rd8mq2aygr8wtdxchxnv0k5x3an2puwhfn097ytnk6du50dp27mh570um832ek48gk4dzjsmx60ct,47.49,2028,richardb8113
addr1q907y39z4hlt0a6jp47uahm9xll2xmzzawhw95yqxh0n5shlnaseh98ms72tqf55vqt6j7vjy79v7t0f2y7w3v627nvsdt4g4y,47.25,494,damanwitdax
addr1q88e699w9lwe9v8qxru7yzd9j684esddj53urd2zyerqxwvr2dyv83yyqy8r6kyda0g0jrq8vn2r68aqde0ay8n5clqqg2pnyd,46.89,597,cardanoboo
addr1q8pxl4hzkjz3l7ngulllxjphau8f6dpdccs7mqv7ttngnpjwzzm23m2jc6azt9qucgf8jy4a7hx36dhk6sfkkhqnrlyq6ld6hy,46.77,642,medraresteaker
addr1q8r5ka5pq7num4sucydj49stskkxklunxw38fj7fd90wu5udtjeen0gr9xszx0q4tv4v5hqgfrhtlylkdqdtf7dufdesrdjluz,46.30,601,tristan2.
addr1qy97aa7sqwhw6lm59yxq0h87xawwp9ngvsefnrmrjfz4t6xctnu47pk5a4h3eu7gszrf9nukadzdu0q2nuker344gzvqg84gcy,45.39,1621,sergegoverness
addr1q9pmd0xpavxw8qu8lf3xw2yt0qlamdyclrqsga4vrlm9x02tq70940u5gagt3a0cne3ean6aj4ey0pvgssjycr2wge5s34nx9g,45.38,323,jacsam
addr1qydvkrtj3lkwm040zntx5ualycwldzyxlqdfehqpugucqhcm60w7f500y683t8zq9x98ut9e3w340akwhlqj68rf5cyqdsmnaa,45.29,277,lamzy565
addr1q8lxcgjup43u34r4eyzs9st38xkkwf0fux4799l3m8z9wtuyz7wv0t6xp0eg8n04ms2yr5jj3hwdy5zl33dscycnwldsntp09s,45.00,1263,cor1012
addr1q8dta84xg389kqpxfa9cmqzwlda8zfw3jahl7gerhnqjl2px025uyfzn98lhjgfun776ge5zvd4vuvvvulz9w0ps3yqqydqgqn,44.89,1565,antoniodt
addr1qyengs6ag4uvjjua88f9ukr82fljy52mu2uuceuy5rw8vf67lttkup5dt7m9el2r4sra3utzl6ydchxxz0az0xamcj5sl2wv3s,44.04,427,halincorte
addr1q9hn6sy4rqdf40tfyer8kcmldm0khy63cy67mk7ge6n3d9fv2mct8u2cppfpvvqqcngsku5y6hx25wmxntvzx0tlfvdsfstj36,42.39,1907,dunamis_ada
addr1q9qvzqelzytxxq0c6fkz3x22r989gfqdq90j9jaupzrephg5hxhj6h8ju8qvv802erm0pp4vs69vclurccvghr2g3hjsnc7cap,41.18,1137,rayzer100
addr1qx7fdrqm2yntnnzfh0pyvg6jxxtsl292kn6xkwzvsuc57y2ktesgg8d5zmkh3eht25es89la20e63xp2tp7aah5z8pgqh808fn,37.64,850,bloody2153
addr1q9za7cu6hsnzfcm3msfkw0rp7mk79cpz6cu30uq4aer8kwegc849xm0scaf5eswy3zz7v2h5x3kgs2h349ln5uyxc7as3gyz4l,36.17,768,billioniseasy
addr1qxsxj835r4w8zcsgr8rda7zypyc5gsl7n5pkq34x4v9gqkm2jek0p8fkj6a3az59wtgrwkcmhks9vfkvkvf7dt579l0qwd24z2,35.83,1435,skyloft87
addr1q9gwd8cr4em2zkj9vn70495886zp9z2zjd2pawae47y7mumzjszpu9kjmy0scx9urxqx07w5l7p3v5wszkhj2mju0ets77kxxp,34.67,242,lauchan21
addr1q94036n4jykd2deegfw5z2ppc8dxzzdy2cmgrj0fpcpz80a9j7qfjrwm0mhcp229rmwr85uwhhvf47jjce972lntw0wsltdx4u,34.56,207,cryptola44b
addr1qys72c6wtydpxnmnugcad3szrxc6gx6mlmxxcrkghgk4se6298nglwd8y24daqvd90gt044p88dyp808f863hmxghvhq56lrys,33.46,924,baekho8751
addr1qyghe0nm57tkmf6670wz0y0tacmfsfyww08lsqhzyg0jvg932au0rxm7ajejz2g5mk8af9gy0pq3fthns5lsqfjkgnys69h2n3,32.62,529,cardanean
addr1qyesuvk88jxcp3w6hfvrprqf6099k73tekp33lddlvdg29d0fmm6c98jkmly6xhg7my9a5u4u9vu2h87mftn4n397ayqtq3e9w,31.74,341,mrb4072
addr1q9ngvavx5dtdcq2czp4wun5zym6ku0yp70gnkkx2dtla5x9shsyt3kgupqrwcrxh9tu8u8xs7mz353nmg9rfgnydz0ksp5uxex,31.49,2481,vargsaga
addr1qywnysusry88uk88ct5naq4eqzj7xkyqsfqgecu2d9uajfkznw005kj8n88z5hqtz7238uatu6zgxcl2vmrhc2rqekxq9ap2dt,31.25,1635,elysium_ledge
addr1qx88nv4awpeckt8fsn5p7z68gha0xd7wqrny4k0cjug7me2q702flup5n29c7anxy32dhj2k2t6msh6aklnf2m4d05lq8ukh3n,30.02,909,aymyint
addr1q88qvemjps6nq8mvuvpchfs47yh8kp8vk23snvxntpygp4h674ymdycnpwzsx2w8h0prl724s4shhxm7fgw7vj0qv9qq0xcu3q,29.93,480,aidananannaan
addr1qyl34kpj4js576uusdy4d2ledlcfdyst7huswdlcvpm7cwkn6hng5se96enfwfzyk8uug6rsgykk6nquxckn3mhryzss7ahr6t,28.70,117,mezuny
addr1q88jy7tkw2xnmprns85c27z20z7u40n8k9ff48c8a66dvmyd0jdmxn70x7htmg32ahcrz8fqlzz8c4e375juekh30a7s89g8ur,28.64,743,gogoji
addr1q8mqtwwk8ug2kuv223ej8yrern5zfw4xn44nu4ee4e874sghzukmuv9yvc5srxgp0svs3cnqqpzy683u5cyt62u2x7zqc88xcp,28.23,255,suisei.ada
addr1qxxhx74r0u50h693w982fd7pwkjawnlpvrd0gj2ky0dnz6s5lfgj8ctnj8yyc0ldaqvk9c7x0qjq6fwya8kl9h3zl2sqz6cwwf,27.17,691,bitcoin21
addr1q8vmvumz9cxwjsf8fmfrx8wq9nl6fhpwecmrlvjuyn3wnyf3m79rgl6ykpa4p2ll3shfjn46u5k0789ge0f7dc3xwwgq2eayxx,27.11,2420,frantastic99
addr1q8pgywgqtx6n3r3868r6uteu2sw39nc2wvf5npdxk4sa53xq2pzsxa7tfhadz7g4gmajzmj8hrmcc8ngdskfw0x63j2s0m9ws2,27.05,527,b.e.nfunny
addr1qy6nzaadw8xm6kvjflhze2r6ap05tp263tt9c2f536yv8x9rqtrxd7t5y04gh00uep5rzy9w5x0lg72p6nc8h0g2s4wql4dsfd,26.87,544,stoffe_
addr1q9wfwutu342m9d0vy38hdgy77pywgq7vw4pggrr4anmlg6m7a6m552q59mvvp5rkrqddhsdtjv5ntcuhdq9w2gy7mcvqetwpvq,26.19,899,rapt9r
addr1qypxts2j0a6kjltpl2wxp8h99j47msemzyu4c2gh04cwr9zwy8m8lp9kj0t6pztwthwvhskkmjuuv96aqczpcx905arsjdf8hl,25.83,636,unpopops
addr1qyh7gsgfkhxhjtrdp6n9049j8zvd9cvp2sp0auvvvaw2dznuer3gxqyqdhk2cjkmt7za7uhuqmvv9549v0mfp8j0sstsgrat6z,25.58,530,aries2701
addr1qxvk52dz76kxyhzqge5kkwqn7h9ravfayq45t52sfgjmjzet5gcquguueq8fmdzahqy3grp29lrsgdsfymnfvqlgqstsa9g4c2,25.34,589,crisro0787
addr1q8dc2kts37msedw8gm57vlqfq50jglvuvf70qwa999jhhjz6qtgvkv7prjuycdfv66ata33sll262ye6442a58pyflxsparump,23.07,353,dieyat1925
addr1qyrglh82f4mc7xuhccszvgugxevtgqtr2vjsx5n42j8putu32m3yapyl5qx65mtxysf93yy934tl74duq426esx23deq9kvhkm,23.04,350,rideramato
addr1qyf7k5rzy25q8lm7qqlkc3fte00xuddwapravp6twa3qdq8a4sywynrkmda9asgk7pmwf7qt3srgmm08v428pe87y96sjjj8lz,22.91,1143,_anme_
addr1qxerh5yqwuctyuz56838fs684xjpl396e3te26zxkxtkdn98337wh0vwmpugmyp9tc3x60z90z9f78qhffq09rd8gpjsv3uhmh,22.75,1570,dzms
addr1q9w7sfarjx5nhnragcku2djqzh634xndrgrjmw6sgewney8z8drkk2ntsauxjtsyemvjq28nk5va8h90c7390zpfj2gs84k0nw,22.63,507,efx007
addr1qxw7lmxc5erlk4q6v0msg8254wxptpt748m358egj30tpmk7hamyfq0kfa7au7tlhd9wauh834gmvkrvfdhmjeedzx6qhr9s87,22.39,914,grabzzzyy
addr1qxczncasym8lmklevekzevqmg0c5fg0plcj6m6w6npfd0xefnc3xytmzfakkl0gs8xwueazpe964730w6dpfqgr2lm3scvcx20,22.14,536,aprille5611
addr1qxl80j80eg6ff7qr6uch89mnjmsr48yfe6pzwve7nureukntexz3cv8jajdfm3sav2g7dn5jfl7re0l0spkgypc8su8qua9ujl,22.14,410,chaleerx
addr1q8mv732d0q7vzqcx6hw6waqsxhxcncurjsuyye6k3gmwh3fglqsfmysp3zzxckzy55mtthfy0kgwy5myaz585xklqghsfvq4ed,20.81,347,arghgriff
addr1q9nl09m5q24g09lwhg3j55zaguvh2npdxhnda3wymjh3dxjge3gmjfs87ygxm6d8gn3kqyrtzlcrzpwg0zm2lujgf8uszr7e8k,20.67,746,insta.ada
addr1q9nf6d9aweszwxyd0uc3yxrm6rmwjf2jl370dxh5mkqswyugfdpgmqn8qzxlr540rpshl0aey3fyha9d7u4x9eyq9kxs2x8r4c,20.49,315,im2sticky
addr1q98kenejacuhy59lak4008x3twrhymxf53qsvx63q0l0w899wfqqaae9gq9k7rgd2fy2w83y2tlpqmp4sn3xvdd5jrpsj82enz,20.10,250,ulthurian
addr1qyeyqledqfw5wk20q7pnwt7vzsrlfq7zwh8slte0jhtw9m2alje5ye2u6guajl55hecy3mpdend0n4x02lpejq4802hsy4v2el,19.80,311,wayeed
addr1qygf8uqefklv83q8574q9jwh6fehprfqvqjhgujwhl9fnzqdwqualaz4tsjecupk566prptjpge3kgzjg4nrsmhceehsx60734,19.78,582,chefrecklessdj
addr1qy0ufhap8a8cmlsqg7m6pe2v56e2zgfpv22n7eu0tktq6squefcpsu7jrke430309r8axe0yk6pl8vd77gg09mq4wv7shuxx2r,19.68,794,apooroldlady
addr1q8vx5ndlemllkuqk0quthv9xr98hxmx6xjqyx42xly40s3t4wl5z72qve8c5e2xfn4kjrs9dgdp0hyn55969xwe6drhsep0az2,19.35,615,morepheus777
addr1q9kcjtcup0sefxl2efmwctkhaqw5gck2l6cv4lvemf38r0dqvcvmt56up7a6w63ydmu035h7fzgkmmadg72xtqxhj98qmw4e3d,19.34,664,odelrio
addr1q9j2jdud6sh39rdzpek3ka4rg635fjw7myc9vpv9hsu8rzjzmqu3xcsefy6m7amr5azmwyrqjjevveazzkd7dk8hvlmqcjug23,19.11,334,swissnftdynasty
addr1qy7t7s454l8c0hpsn5eu7nw45yakadv4555ujkvz6jfps6xnd22am0vjweays8jut0lmhndylzmtwk0und0h7evhhykqqqyyqr,19.11,890,_.drak3._
addr1q9k7hkrcae4l72q36v97mtveafgw340w9v6yd83sm8r743ha4rfpmk2h58x5xu2c3t7uwrl9t0mvm6u6a3epucws7r8s0aepck,18.70,1868,mountainking.25
addr1qxleuw4phlvxuys83v0tyskaak0k4s6zjl20sypdkzzkqlwdkgx9emtaa6h0lmfrupgns0drwewsmz2n82j79g3204sqyv53tw,18.56,1916,rastroll
addr1qx5ljtcfsmtxppt5ha0yxpqqrexd0gcyx3d9y7jg03vsp7nex54lnudj3j4andjvma7xqsyamxh0tmazdhmdae40nvpqzjwxvm,18.36,1821,eckhart7430
addr1qyxwqlr2mgge2264gfts0r6f3yzftjfk0ukgtzvhmn9qfu908pp9gkca6mpu8sey6z6flk0cl4sfh9gtyv32ll0v0gdq84jlsf,18.36,462,dehrio
addr1q8y5dpx2n3yv2fq6xfm5acdkkng47yc53vv0cxx25k9dpc39e2a3wem68cuvcxgdu0q3a6tld6hc5yhd98ev5dfd0mgqueyrhm,17.88,752,_sam_v
addr1q92eumjn3dngezhswhpjvr3ud8zprrsrcpjn38amvyx4ug6ffgjq2cffhupwl5efufesurnwad2wt0ufkdk8aj43pggssxxjdq,17.65,887,judderman77
addr1qx6dcfw6l4aj4xc3zn485uehy7wmhawfy76mlna5yzrehvyezhzy60xwutftagxkqkxvp0qq50ushrgdy3fph872axwqye2uwe,17.63,325,lorienloki
addr1qxxqr7aj0m3cru0es9sf6eyjq727n2xs3egaxx8q0qha56q06nsjdd5xkm9q0nlpf6nqz5upe325y668plp7wts67tdq4u9pt0,17.22,823,mr_durdan
addr1qyzmnqwdey28jp5800p0euwykmwgrvpgwyx7ge6adghje5vp9wqnyrjg3tp2wc62qumj4dc093x74c67aa9nrtfrxjgqqh2yx7,16.75,513,patryk_karter
addr1qy7rp3hd7gd7gkutl624ls9yd56he2h3n32wnsnhmxz8pvculc2lghctzd0l0pr7mqk9u8lh590mmuj48aylsztgtjlqd468fp,16.51,709,hansell5
addr1qy2un0k0a5mq3t0lz5lu6y9ea5zh8tvmj2xw6vzkcu0pmgutvd5lzyrps8pr6jx0psawsy658s2dluuv7dagsnw54rjsy30plj,16.41,517,abongileviksvika
addr1q883v85zv3x6a2fpmjg4gceekc2t9acf4j03zrx6gsemu9c4fscyn7ds2g4q9v32alq4z23jzmmtf0my8ne0p9j8f6wq93geq2,16.24,1610,watercrypto
addr1q950lu59dvzcx6vx5h5cy46eyuw8ql2u6jlut3a7s97j2eludjavnu96hkgp5akumnmaxsdlk74esmu4lnqpvqn8k0zsnpq2mj,16.24,1592,irishmick1
addr1q9q8ycf4e598fc9dddccz3afx3ne3ae4qkgqhn03yukms89hwvzyg2qdduegvpenfmhu9r2zh0fe6775vuvvkv3dem8sl69qlt,16.03,1777,_crowley1337_
addr1qxhzn7e2ql4dem54xhf6kudse5k56jgnxsnffl3ew9uj6yczgqtpq90zly3skuhygql7ll0z8q6spjudewra90ku69fs7h2v8q,15.61,929,yeknerd
addr1q9n489n9cjggjwzq9mx4fr9ga7c6t4x2d8rvygm86fdkzgljptmtrdvym8z59nrrngfs8wrrc9208hcnmmzwt9w7508sc52dt3,15.26,579,flubb3r_big10k
addr1qykpw7y8k5zu9hc6tuvppusmxwvrk5prsqdj3lnavge3g7z6gj7lpyhah822r4yuzxka8hhzcmk5q3fslm98uy8c8jhs88lpt5,14.85,1585,brutal_bruco94
addr1qy34haux7jaees3kfjl75extty6jdf29e5vaweyr5f7pvqzgd44e0qdf79wgzw7xrk227jutmew6mhcd5xnl6wwx6pqqpwsncg,14.76,1765,trippin79
addr1q96ruju7kk2ezu6trpuhzq737879vqny6s4ph2860e0jmwztknpkpq0ycrr4m43z76er99dhtk5jnxae9wmm8p75wx2s57wwh4,14.61,660,bravrox
addr1qyju86jp5rkgyzzmktwchyr6qh3v93kzj4nuh8nxgp2jse03k84zsg2hur6v62570wl4hywva0y34xuaky9tjgyuq2lswn0qfk,14.53,665,run_rafa_run
addr1qy7hehpvzxtm7vf2auyslwkv3qth3cute5p0529ujd7mk5e7tt7fwdm52prxwd5amqem4qpp5zmtklgv89qfu3srhz6srzcpv6,14.41,252,miukix
addr1qysq06xgq6p3au4a2gnzty5hc4z490s7qasst0mhyc99p9ku2c5mhf6xznjdv7u36zfh5nn2jmhqfxn2vk7vla8g4lus0caphf,14.38,331,wizard9291
addr1qxm6erelp8r3ex47apsg4z0elp67tc6l7xw4yezhxscsycgw3j6snfsaas2k4zec3aumxeyp4cxplfsx6s2mrewg8jdsymyjdf,14.24,1065,skarski10
addr1qx9z4fpstphhlj8vfwwgmpks06guzee88r98u4ckqsxqkuy4erpw6u9gkn7wjau3qu0v9xdr6h6jdrnk3k5hdmsq8h4s3en0lt,14.05,376,codz5304
addr1q9kapez9q78zxw9wwe99mcg08zjgvnz42n7dcssesal0dq5dwhmr7q3m727xyzq0nre4shrnsvlw7uatpnzzlwmeuahqjqlnln,14.03,797,.cagedhawk
addr1q8g7apr576wxtex4aqjyftyay4sa976myywmsf7r2zqpcjt0wtjdef7p2n8y5j2tz6w4esrltfdxhw2l7ur96tpldvasgxcrdk,13.78,599,_alphaz
addr1q86v3e9wmjr04rh9kzl8cu6vx32n0f9h4d0fzvy9y546px230hs7awjz5gzfvw26p43kaa2eut96h5aavnc96wcrxr4shzswdm,13.21,1285,tallnupinks
addr1qyp3ex2xs9u54pnljewa32ta9ffhw3gd8qnv2r7c7jygq5yjawlauahz3rga3l5x0xtq2jttdq90s8qjzmha7mmqa0tq492wx4,13.05,839,zooterland
addr1q8xecu8rpwfrlxvrxuf38fy57rhq0my9xp38y0706mnkjkyqcpeg44a2h439yadwsj7ah3ftx7zl7xmuw5wa0fh0l92sgg6m23,12.79,1654,sonick13
addr1qxcqlwusn4x0t2qy0yvrcmzlslqzd20pta77gy94uz0cywf6lvp4jf7vvap0pn6nq43fad8w227lde5c6cwj0rvhcdfqtzpmul,12.30,547,.cryptogaz
addr1q9kfzv0fck0w4289jjwxqq5vd8pgccezkmhk6y2r4q6zp097speqr67ker8zus6w46fgfl2mk49t5mn02nf0f96kcpvq75k0es,12.30,533,uncensored1124
addr1qyc0nuyc4jq4wku04glv3x0l3qky5m2ssq7f37fa4xx8jjm67tfc0uq2kzg6kpa6m38g9ukax2f8jqxk75qemdxxpkksxwhks3,11.61,610,zeritoxx
addr1q9waz6pp6pn667a2p4pg07mdm0u3kz6su7zunlm5usej4ng3kdfdstnw7esestsu5h36wuddmwcjezw5stkcyw57qruq8fh0pr,11.48,265,urke5294
addr1qyquhj6z6c6nazsn307mntsf8r9unf5nll4w9x7xyx0zh7xtsy6czmn2v06tv3p97fnf7vf534ae4d8pj4jnn8e6j6tq85np88,11.42,1295,kreier
addr1qyl3she99rz72p7c726n5dnxgtvuycasujfsj2k2jjlztt82ypfwea6xtgd394wy3wt85nct97rpxwe6nfhj6avcy9xq0k3v68,11.32,1544,zebetidebo
addr1q99rdflpxcz2j9h90zrh3fle4ffnnc5pg99f5nv74udaqntyrnwn4w3mj3s6233qc05pje5r86ksxzldw68q90clcensc5j4c2,11.16,906,jimmerted
addr1qywf2hnx9zlht2vp3xrrjwzn2szmrmzhpxzrnqc4puzf3v6agehj923dunx5sw6z9v5rxslevvdv3hejtn3qhzgzlx9q7faclu,10.92,1368,pw8595
addr1qyrl8f8z8mp035ccm75r4zlv0cpl09xkc9u7pzx2jj0mmr93p7atxagpgs75g4e27yln08smrf054ld8gc0mfkn06sxq8ty69w,10.83,854,ivor69420
addr1q9rf4frtulnsatwmqxlckxa2e6qx9kk8xhalc4u7t9c06m4pgrtcp9xwkeykxrt96tvn0kzppx4dpqlg0vh8dzrx6jws4krw9h,10.69,1525,swindonvillan47
addr1qxammuzurlt4rdmvwjwwlkr0f470ck20fh663907kageq82vkz2dpwc5cfrcgq0efp5lge78sdyl29svmuagj3c6cceqg0f8xn,10.58,725,burntoutni
addr1qyl5jddmn8jxj2umqcc5s9vsjn2vs7r9yf2qh6wfydfk96v02af3g3tanv5ayrxrnrfamalgfydphaqu0mnfsztkg2cqm4nur9,10.51,390,kage9348
addr1q8ctudl7m4rx33qnsum78glg06ml490kcnjeh4ykxy8af32jhhdth8hvxcrdfe30azmup64fd6r5ty4pcway73jwdp0sxt6cpj,10.43,668,monocristo
addr1qykg6ghk0pgzmev8xs49m3h3ypsu2q375etflq8dv6su8qf4m2e5epld6aslfmausn7g4apefrtwdpfaukmuxvyzn3nqzkpp90,10.39,393,cryptogator.
addr1q8kzl0j445w05wenlm3vapw24677pa7nse8krqkvqlv5chs792dvqa4yj6cqh7vr7pcs3ndluymycm567l2y0cysazmqu20mc8,10.33,473,groovychoons
addr1qxhndax95zakcf76ly9nz520e97h6ww72tnlqvft3h04ufhu6thrsraw0udlcy94nr32634dt80lhglejw3u62aa3stqcpn24s,10.17,625,sickpicknft
addr1qy58740magceyaa55j2sfwksj0l5q899zyayupd4d4wurparreqzjt4ks45y80fa7uwl3phkrkk6cn6vkkaus5t8ex4su45gnm,10.11,1829,pi_ya
addr1qx0d0grkfj64qu9wwr5tzx5g794u5d0gs6vwlpgetmkp3mnu5gprtuxpru0z8aa58armwm6x7906wlmzpqzdj3kewt8sfvn5pk,9.96,575,gintama.1
addr1qxq9x7lz3y5js5wv04plvfacnm2pg9zqv87w2aqyqxdfwe0d5exxxem429xqkvng5sawxcmmzayws880d6luks4mxhrqs55zx7,9.79,377,cobreean.pxlz
addr1q82r9prc6dtr779jj4d7z5440d8p7q5c883kyawsvs97klce0ckjfgr29m29vnpyqa0szd7cpg6eyj90zf6umrxgwq4sqtkcez,9.65,2019,dasboxerturbo
addr1q8qpxfzuat6lvurwf0a3chmkvagjwn7jjgjv3cak66l3n0rt85wr0et4swrx45gejtdurn5cksgdzuhs3esd9hevywgs89x4j3,9.62,269,emperorcnft
addr1qy0ttf4ea3mawdnvp2xycwsqywm3eh5egjsr5skc9gfhyhsmx4w56mvnsgekyux8vahztwxqv0hx208xvufrydjx7f8qhnw0rz,9.48,1913,ck9102
addr1q8rmnmj5a9t6yrzs9gcc2cfhm8mt66qhg4t4tcndl993826ht0dd64xxx7qa2s6w73j5gwvul5wc4ejv4xm5sd6wm2eq0ucuwt,9.26,1963,wookobe
addr1q9qx8sduep34zptwt4unmahpw24ykr28jaqv4ycxpg2su3skgqtad3gd34cug2ck7dpdwnmnqezp2tjjv3hw8nxsvrnsspwu55,9.26,1814,rich.ecp
addr1qxpzxyjh68384av7lcgf8vskt3e5py8pqms7ps2r8n0h0wsuurmld7mu7lp6ukgwt0l60u555pjhmhhkguhtsv3rn9sskd4jc2,9.10,758,jemo9099
addr1qx3tz5sfj7mqxx3jpkhsykvpj6vvneldl9kxu9nnvne86k8xyamuqdn9fs968pq240xe9q9zua622fqhfsutu7unm7pselamrt,9.10,678,rinar3d
addr1qyfqje8r64v4tshp8af0z54qnx7rftc8zp9namgpfnkpzhs6dr84hy3xngx39jasmg7fe9c283563xy0wmcwtcyka35qnvj0uj,8.99,2063,mraesch
addr1q86trfvaqrj4q8dmtdnxrnnuk8466xdq08juespttq5c40aefqnyz6043s5ljjrpjpjfkny60h0fu0c6fnta7scjnddqdgd0yw,8.56,602,negankilledme042
addr1qxfywnp9evtl223kh5zs45vuzvj2kdauqv5g7ddhk0wjlaw4f4ycy8a3r88tvk668p2xn3wqcla36x4t7hxprdxzeays7rqu20,8.56,635,yoda_2098
addr1q9jc3kru6m5cy7sw3hzlxlz5q4fvxd66hagq2em3xlje56wgqasqsqff8e5dp7c6ugknwxugvt3t88kgzv89fxn070csgpzack,8.25,290,jbrunitup
addr1q8vuwghzadavqkgyyezq3as60d5xn56k5sslgh9tdrqf3qxydanuytq98ur2ygvddw9lalxrdygl3phmdwsu3glyjmrqqghqrj,8.09,1019,disastrid
addr1q8u8cgezklh2tyd868075rd2awc3lvhjzp433cqg69gj4h89ql8crrvsprluqrdl2zlu2n0yzveur9pckyykp6l4rfzsu25ep9,7.76,581,brokenglas
addr1qyg4426sm3p3s4pw034h9gqjhtfrs0sfre8dn8pqc75av6h746sfp4wuelz4suuxyxvgvlmly7wsydekndqpd3amnxxs6yyupv,7.66,2072,criptolin
addr1q8nh8rvuu4kq3swsnz3u604kgtwld8fh40g3gj72c7mulzuspx7uvts76c5pcx0y5d7ke9y9djrc7yg07ed3jnu25fnsjst05z,7.59,588,brunoaguiar
addr1qxyyryssp9udskhq6qdjkfxv8h3ltpa6jwa5ap5rlzff94xwjc4zlrfmcehf0p4msetnzulrpm4klvny2a594pj38aeq7mck5n,7.38,911,lmcthfc
addr1qx65nt73hsntyw337tyle83v0augjpfl9l9dmeklmrrvtj96jh6ntksldkecc5dq6zv06m9vg9xnm7se08xydhhed2wqn8a0m3,7.35,1144,mr_tibs
addr1qxlq4zu2aajksg7prza7kn80s72qsadvzgyhmx5k3dpne0nl7q3gmr3hhwg9w6uvpjg2ddn49y43mnxgl5cw3x2japhs6mcpfc,7.19,616,kerao_
addr1q8hac2v2uk6yswnvdmczc9g9prgj3azmrksw7aqszvjxgwznxlwcdv8fx7w8vxndcjlmngm7zjtdsmkllwaty5lwhkkq4ph7fn,7.11,1335,rasrax
addr1qx333d2ufgptll2hr3ezhwxaz0uhq7tht2yvh8sa5mgn0wtflyf0z8nmtn02fh8mz5hck3cxfg2xufvk2pejus00gazqsvfg6f,6.85,680,vincent010_
addr1qxn84gvqhk8kz52acr3eup9nxrkpmw3kkgz2lyc87zf6u384tg9zmvz8s7wsltkthn377g5jen60ecjp3c30xwgem0kqm5ulfu,6.64,877,sejje3
addr1q9qsmqlvwxtd3420r6glnxqsg2hqr059t45umjcup3m49a0svt7hskcngfkrp56vdqq5m4h03k9myqqsxpg9a4dzcn0qlyfe7k,6.64,439,xandra6390
addr1qywh22slmh44zw8sg59phw93t7ykg7jpcmkhkppd9hwaeue4m3m7jadfzhdqzeqyly6u5ale5nqqj9eumx6qxfhgjp2qles2yk,6.64,771,gcvinha
addr1qygwea8p76jjuw6ynzwp6eqqpt5zt9ypgwtxxusw7328xvlqtrkta08g74lze8d0wgugjfkyk5ulkax55zvrngsxqn6s5n0f6u,5.90,671,jjpo
addr1qx0rwy34y5tuqswlrjlzm4mhaq5d0pclrlu6s6g96h7qgpgqhmvguzd98zkw75hmfrmkgq700x0jzjq75x2xwgazvz6qw4chcx,5.90,609,nige_d
addr1q9su0qrvl5y027jhtqr0hyh947e4gqzp6q2akjwrpdjr3fq2japxy5hy9aek3qdcenwkhulj83u4lypprhgs0at2lc2qqyk85r,5.90,894,bluelion10
addr1q9g4gn5l9lx8ezdu2nkc5he68xtdkmhgncgd55hjpyq2c0yny3w0xp4yyxw4hn4grnwt0srxjqht5clgaftgf4s0zrxqjmesm3,5.64,1813,.konstanz
addr1q9sda2k92nndusflqkfr7c6sarphtf4fjvsj3wm8zp0vyh29ujzygy0jzu6pn5hq5gu787lgljn68rj6lm2pcqszrn9sqmyj7z,5.54,682,lucky.crypto
addr1qyleaz3cjegc82543rerpd2ul4e2ecl3ev3cpkxe687zvf5j8k4lfca9ls3g70uwh2t07a9lsjz9snulyacx4jskyf3q6aw4gf,5.44,667,paulie1002
addr1q8u4pt34m0q5ex8szx9fnay2stnau07rwdxn9nkvrljsnp483hqxtue2ee9cx6hyt63c4mmrerfqfuz5uterg09fwjdssnjv0p,5.41,292,tonyler
addr1qxjclk7gmpsktmqp2lccjl65rh769jxe8qnpd23ns64su5kl52k3egarferhlc8nctz4gc2x5mgu2f7z4xn85r66waaqmas9st,5.41,760,opiumpipez
addr1qy4868nnue3v9fxl9e3gua3tpgzwua88zgv3jwtxp7x0z5qcg2d6m7jv0mrlm6a6cpan40432rme65xen5lqvxq38v7qwmqu0q,5.41,813,officialwind
addr1q8n9f8p7ql4fr04ulls6eahamzu37xdu6q9vg4scn2r8l9kty4s8u825yzv8ks033rquptyl66kt9xsgnpq5c90j6ncsq7pu57,5.41,272,vivitrock
addr1q8xxz25q0r4xud02fgpwht09f6vvlcnegclgh7j4cql9u4n33ftxrvf88arz5svnxlyk9aq6s8lng93ekqtu9sraxcwqr5qxmz,4.78,928,atomicblondie00
addr1qyhzsl9smq0gea3e3tphdz936k9td8us0zfrdc6q8dhdd0kmvklwu6k02ced28nu9nxga6jv4pxqhj3zjlsw2hnjnanqya5ml5,4.71,1147,jixon77
addr1qxvxym2pjsmwqcsgmulm3gu9qw4xcjc6c848z4lff82gkmh0620jq3ejpz2tk8tan7jkaqj8su54fa6nc90ly56kh8xq2qrazv,4.70,634,cardano0758
addr1q9nda8utcklf9etpf5vsnx6tf7097vsx366pn3upyskdaplum75r68a7yghs2nhp8sgzwj02r5vt6nzyqxg45e55qrssp6vvjx,4.67,1212,bluefxn
addr1qyt833plwda26fsnludmcga5r7uz4hn6833m5y9whffr8j4k2pg22rhx9xfqxfupsnxvner8c89hfekp8yrxg0v3prksq3xcz8,4.67,520,jstitz
addr1qxme60dxrqmdsnm7phre4axd7x2qczf3sag65g5um664rz4lmgpwv0ezvr02nam3cgvr7qvtmw9s4sqq0r5havkxa0vsanr2n3,4.67,1251,florind3542
addr1q8ffehry009t3ffgqu00x298s6644vmkp9quly5t0npax9f8xzy2mxm52dvzff5j8lc7j5ah0cqcj74zpxp7yf55n5ysqfvnww,4.67,521,miranm0707
addr1qywm2nv7g8alwv74ympzsjtnhas68nrazdp0m3l90ly98kh5wp0zcl7a89a7wne3mxpmaruy0n6h29gmxpp4wmy09uuqykdx20,4.67,1522,granitestatejoe
addr1q8uuucr439pwt4gh892r60yc6ayjz0uenuzpmfv6wwyael4rk2dwj25kjwlhl0eje0q7pemsu45rpnzaclxnrg32mhrquvpqyk,4.67,736,chuba5497
addr1q96j40xlp80e6u2yw9vfug6jq324u70d4la6yql2m5fn5v98d7y85dw0ct6yxr50k09pqhrvznvagafssaf58cy2xdtq6fmkju,4.58,755,bobi_og
addr1q9vzvgydc2ctcsw0pyp2csaxeu4s32hl2rlupuz30qclgld287vskmaj9mh9z8muzx3mz8420w6z3cgmc9uc7vjr37xs82z8k3,4.09,1751,paddyl2798
addr1qy2nwxlvlp8xyrrxf32s9h9y6k8vzl5nsunphek848vmw6a72hj42uw5uwzt7uua4j43a3tcqfcd88h7whwxsf4hc2asfjwuhr,3.94,679,slayerz18
addr1qyhuag520s2za7s4efs84sq3eres65dn0rjldjl9tdghm3e945yxkertxj8hvm3k2g62dnp76u7cz2qsayfc9gqra6vqd2cjrs,3.94,835,clueless000
addr1q83f77267j4htwya2y45d5zh4ptkwphju8f8w4rr9dpklp93gyjd22wt4lvvc6m7uptq6alufhpekxux7v86cjnxfltqvlmv4x,3.91,815,_saber.
addr1q9lznavzw5lzwd2wwlhhuptc7qxyfrshl8c2qtfj84dk635jtxk20m0ygp0gjplnkcutzuxhm9www9kztc54vlecqqwsalrxsc,3.85,310,henz4254
addr1qxf5vmarscyr5sm99d8zcx80x07jzpdrlq5ngfvunde8rfqwyfsxvfyl629mgkz54n78altt809f3cxtd9s0qwpajnrsx9wpvf,3.84,1045,.jmans
addr1qyl889s2dv2ph8awfnsfhlg7mjmvjnj0897wcq2dtwnc6kj456y3sc3xdtq07528sx6c8x6ttxen3j4hedqx3j9g6vxqwv782d,3.81,1978,nonw1988
addr1q8jd5hdz3qhlt8r9tmza0nrxrez25t0drlswa0jhrycgehtqt2pfqqtkdn660zjwz9ty2lkrv6pd2p4ga2800exzvatqggh4mn,3.79,2219,michaelmace
addr1qx2p806yh3wnwsdd6zvv006hll6sm3tcls04wcngxfnp2j9vw9d6gps0h757l054jhc3ahgmzfmyftk39rh7hchcq2xsh0kuhp,3.69,1391,effoo.
addr1q9msjfyc9vwf280jqwk0l0jllduzd3ccysmut6mg0hp8v4jgjq9mcd0x40m6s332ntvdstgzrjp97rkfgrt8c0wrmy4qg5q4sl,3.69,489,mikasdad_14
addr1qxr2fcw88726mv97rtzq22x4lusxe60c4vn6dr3ajy4xywml0jynhm2sctx807td9gpye6krg2m75c7sr3pdz6v3zk2s3gdwn2,3.67,624,ronald3871
addr1qx7a749xzgullkx9n0cw9mfjca8d6gmatsvytvzjkuhrvqkhy2qxfz7x528ghxks7u2tjmgpwh6t5qjux2qk3s5qjd3q3e5sd7,3.67,590,hnreh
addr1q8hkzzn99qvf060jqxzah0rxpyejz5yl22hyukkh8clvxasmzsxve5cyxcepkqawyg0c4zhv27klegmrcz0xqwrjfpcsy0tmpg,3.67,437,deadceptor
addr1qygfwq57vefrp8tslpm5fwyk7shdm4vehlj2qza0p02chfn4wu9rsj6hyky6p883zgc6rfs8jaak2y8pt3wnfg5gfq6s5chdqa,3.50,370,guhpt
addr1q8v3k4fj0usfk60ldrmxruxc6h0rr9qun9pg99fehew932nnlwtvjwm2dd0r9lnre0t2g4h7fzxcltrdu22ax5m35hcqvzqlld,3.44,552,fcamargo
addr1qxx0h8a8hhg6jq5lqmctg4e0t4cyx8exvmj5sln6lqx3gdj3fadyueqf9zu9kvk9xmg732rqt0qy9wl0apz5tw6r59sqjqg0au,3.44,238,k.hlim
addr1qy430y9u92ln4xz2a9t2t2zm5dv7gjqsd085t8922etfstkkxunpxessrj2lyfu4jg5gqsq29nl6vyd93acm86hyg0eqj9pcgj,3.44,686,k0rnfused
addr1q88w8u4gpg42295nlr5h0le8l59rsk8w0kvx8altejgw9tfrlncczdrvsu935rjp2mk60p2a3z7zfcl2s76ljwudpk8sj05eku,3.44,717,shaner5
addr1q8s4wxpp2cummmja73s3sjpk4cwqeckdr53d7esgpyam2w8v4rlvgdpydmumw8xsyt839cczsdqmm4ech0v29w3fqsmstxw8wt,3.44,1809,al.merman
addr1q8msluj7gxy6djy5trme2jk6r3nxqqntnwcxg88wyva7elt0anwawfxls92rh98f3aylkhq7vnkecq6rhpm5c3rwjh7sa82ee7,3.44,600,dryn
addr1qytnnr6jl6fuvq690wx9r560d7f3hu2na04he55adxtse3eunp8nxaaftgcd6vm5lqxk2y9yzfudg5g3vlcef3degdes7msrwe,3.44,452,shanky143
addr1q8azd648xqnsqcaty2kzma5c0yyme900y66jqxsv3y6m7w55q5m7zmkyfy0sacapqswtlyn0396vdpz8aupr9k0dayfsz9eejv,3.44,782,cyberzee
addr1qxfkekgtln7y5aggeu45uegrcjw5w7uvgm9s2y9ljqvxve3arsrw98a3erwudg7krzz7yummqhe2tkw43t7sntea7zxqpzrs79,3.44,829,dysuki
addr1qx37hffgelap0z3rdddu732lxzhjf868lzaewmfhtqejcnax53c9tsmmptlaf2lp7cd2pk4ag2ard8hrl9nevywe4yws0fu0wf,3.44,848,lokinou
addr1qxe3aj69gvsrxhuyvnch9x6kdfm0pvtkpsakgrxzgamlplhez6scw29pjjt3u7vag8xcs64w5h2n4r67hmny82y7mqzs7tfrkm,3.33,2014,rudd3rm8
addr1qy4q39xn4zcdwz8j3vrk7ljsh4rrefh4tagz0av3u3wzshag8wry7dkkkq2lp2hukkqssdppp4c67rape5xzp0fuspxq23es9j,3.22,2061,cipher.punk
addr1qxs5tpq05gqds4aqsxk8rquudsg85kckzm8exxjtqfjh8d662uesuckklpeh6elk2746ur4vf0enfw4tn95wgj2390nqqd7x9r,3.05,267,regi.xyz
addr1qyayd4ud2ga6e3yua4avju6xuxq9pkxh3spszyrdw9ecemlelr6vp9y5znl4g9gl6hqgcvjuc44k94nd8temm5h68auqzv94xk,3.03,2047,melliemelflyflynn
addr1qxx93e82u27ss2ksaaryze5yc3ppssxgn3pp3vvklv575u2s73gnry6hlf2rulsde6tr4r9l7utldmaqyl3e5qgr6hsqjqj4np,2.99,266,flowguy__
addr1qxpxx5xgkqxm42sw2pzx68hjf3v8n6d3nhv7leyxgnre0n2rq7ll2fcjhuqdrtfdwufjmcx42mtgsgz299gmv74w3w5q6zeyv2,2.95,1274,thepriebe
addr1qxg7xreda3dcqglfq3lu0wtscyymnk5pu0q5v7k02g9ljgjyhs5l43297p7u8k0hkzykwygrfug5kg8fk582jyrvldessfgf4n,2.94,1430,olojoh
addr1q8ag9v0ssu0h72sxpvg5k9jnaz3w4d8had3nxcd0n4zy4dghjh73k8ayv5g5y82eh24pvd2lg4ama954pezwye8ddpgqwqza5p,2.94,1893,vicmanly
addr1qxskj0zsgq2qw59hczkqkxdalamjguv5qtkv86gn7uyzdcjtezdp6n7djqdqsddrlzwjs0xuqzf4xama9k4kag2vwu0qhf5vez,2.92,643,domo9109
addr1qxefxzjq993edf9azcgzggpez7xu9ugdcz4hw9sv9gfxdm9325tea30hhtjnkhg2nzndsqql47lxhx9zyj9qqd20pjnsaf5x08,2.90,704,thirdpatriot
addr1qxsdnn332ef5pdp6ngur2k7uc4zehaxg46dxwrnt40xvl24ve3u9nlwtykfyuk9ljxxgnqfhx7ac6xkdtdf7kl3waw7sxz22m9,2.88,1133,rafar3823
addr1qxwm343mwk2pw6qyhun8q9jvmgslyrf2w6yk4x3p6m2chw5mwy3jxetyecqvfrua3fj6f6dxm8chjfsx2y24wsfpnlaqcs4kzs,2.83,548,olifire7145
addr1qy43wfu8wfw9awfyggn84zh6zf0kfw8j30vcvugvfp083ypxggj42nh9lx8p74zkz5qnfg3rfjx6rghqw3fmhmffq7uqp8uvyh,2.79,2043,markjacobs69
addr1q905qrqck0rt0lv93dhpdavvczq555ndz8hzhfsf4wqt2d78srtcer8wrdaghtzhznc3rms8k7k25x5ud6pyqzaw9afsu5sxql,2.71,703,soundnerd.
addr1qyu9pl94atjs5c0wpy2myykxmyltlxmwntnpmu0eac0mz28d7uny86e2cdrlnvwd905rtfre0efgt0esefckk0fqq44s9luva3,2.65,1961,shearmadness
addr1qy2xajpazgqhxfvz37zrhcxe2gclyn2qn53xf9wv3zlq9htytssj2tpqdna97w4epfwfknyf07knefcyq8dluaas09ysanyltl,2.21,523,reallifeblue
addr1q8krz3tag9pltj2l6yewp0dxc35k6g9gpcvmgl7layrrec4vqpvl9jyc58xjpnn9d0r4d0f39x029cc0fj8ufucnvkhsyh7cks,2.12,1795,sickbrain0
addr1q9cqg7uwf3c6q370z8ppcucxzzd9d7286nptzrehund4s0qyuzd5vsh7f4fq5ug9slwgwdrcxvqrmzp2vrc5se37eujqh5lvsc,2.12,1721,naturedopes
addr1q8eu233xwx7jhaf5xk82zp8m6hh8tuecxzcwqas6ccpp3pv0xk2ej978w8na4xfzvv240nac0yku8lgu4ctcnfjv20mqql4g8u,2.02,2526,stimpy0101
addr1qytfutx7xxs9v8awmlnmla2npx9fms94ls2987msfl5nep9n7qm4k4tz6722f52cjt79398zzps0ly37ffh25v4gmynsyzuyt9,1.98,279,knackfisch
addr1q8tezjzgfu0t479rx8hnnf2dyx3t9ghzld8qk5f5wff0k2nxva6sa8lkec87u34pca7xdtxsj04t9mcvwczlrmtxzeaqj8sha6,1.97,1057,ihatepants911
addr1q9um2aqqlge9jgyeeg9mxg0ajqaat3hmrqf2vzw957wp3sr8kq7cexhu0dnhjvrdnmyfxs7vyjh9eng6t6dlu88pvdgs5rdwdv,1.97,556,1nfra_r3d
addr1qydnpkhy3ae04fty7ykf9ggk7smuhfedgh3dtcms9qzpve4yqntw4hetmjdw429qjlpqaq6h6xuvzejsmn7k2fp6dprs5m5a0w,1.97,409,starlord2394
addr1qyux5j7js7qtrg5wk7fv8fsytqgwmlglt2v4ymjmh664ejc8eq34g6h7l4cete389m622eq4384fe95xa8fvmxv2md3sx35j58,1.97,309,camxgawth
addr1q86q8lqt37e2chzszfm2uwx3xevck494738mntx4lv600fgx9f0mhgrjvrezhaqa30apclp253eshqlw208flt07ryashfgv4q,1.97,1620,smokes4751
addr1qyvm7sle5khtlmp5gm9y6lrsefezsw04cnjmms76hyc43awmqx6zp5nnur0ax9flqe36relggeppqgud77e74wvewgeswfjxlr,1.97,1187,lvl99_suave
addr1q8zzexkw068z3ugc547x7dse0sdxkv7ggvgserp457grhkg7mpes6crtunkf3jylc06m6klql2wv2n0qnee4kl8v6grs4xp7w6,1.97,1547,grpcameron
addr1qyrja7y5jt629eugx6m48p9xnh54qyp83hsa9lw02x0jz8drc2szleqdk6a7l84qkvpy5fw2nx5ktl7mjj067ld23gtskzcjv4,1.97,498,mehrey.ada
addr1qy0hz4dma5ecqwle6zxv0d89vdk45ujv5gvlw0xuhj5tgea0akuv6ntfa2gm4w0r8v8c6p474xdertw2nnrsw4sd3d7qcxnz33,1.94,1453,oubi44
addr1qygxpmxunvjelzg7tu5euppa0ry98qwagmysvw4zshmkr0kpn8r3l5nmtlmq0337xk9hsp6vu5qv8kkpzuw4g236h73shsxu8r,1.75,805,bitmark_labs
addr1q8ahfmmtgx3pgawrrf8n6xtu7ke6acw7ykfg4dcl2reayr2kfav8pve2m2n8x37hacyaqqcla8et9gne62ksphjs796q84lyaw,1.52,647,chuckyd2910
addr1q935zn9tkp2cvtwwfyhayzy0558kdg8g99qeg7zamggd4pvj8kgdushrjkdt0dk985kuuk22uqk8v7f69wxfpnffdg0qe6t53a,1.48,499,alfred0_
addr1q894aukf5c4hpuxr9cuah8cdylhrfrqc8h07khgv2asuy3fsmukzg2zzfc8pn8f0uvks2yxwtearqfxztwe2ahguapxqjskav4,1.48,1121,thadsteady
addr1qxfuk8tu5gavd3vfd2q4srm09906xvlxuvzzwqg7pl5578rwpz2pzqmtecvrk5keghhuvn648d2350hkeng6seurxpus74wluq,1.48,569,defifomofo
addr1q98z46n278h90zc03ezh80tvxaxqlr73jfl622msc80yuf7s23uzmw63lgsawwthvcc44luety8z4y8dsmlkt9f8spkq0z20vu,1.48,1582,.roadtripguy
addr1qxzxs48kln3ulpff2s4ra7w956rhsvtlauyx38lcphu95460a46gy3ch77uwszc0d6pjcw8gerpfrxpl94xu2fuws4esu0fylc,1.48,1119,hoppy4392
addr1q8pdsjm9p67lhcvxckk6v7kw036ulqgc84p26dhtfu6gj77a7h7er9xv9lt9kgsj4e97f949yytkxj9zgxlfp33vpdzsvm0rr0,1.48,1214,nostalgicnft
addr1q9f44a04lwhzytg684cvj8xj4w54d4stsa88gnj0e8zjfd9cmz49tuvpkgarx7hlzz2qzccggqe0g8myy4vnf5rfq72qn0fafl,1.23,512,eriksag
addr1q9zhm4mq6uquxc99uc2f725xdrkt0qhwgfx2cef64c5egzpk2zfa0mmhvs7flgsn28wu9rlmh6k8468ztmscgt5pclhs7zukt5,0.98,1325,1sandman
addr1q8akudvmurlnuhsqm4vhrunsx4rc52s47my7kud5j24vel4sums7qd3teclu4twamuu8ekmw7znsvza6q5rya29s8gcsyzsc0s,0.97,1851,nikyjoon
addr1qykjh9xrj566jmm5em0epzmsfmdfvpw86nnc3g8f7zsn83u6u3a9lm3zqxwg6sn2m93cm0leqtam6apzje45xcw9dq5s6u8l33,0.87,2427,ioddesthumandad
addr1qyd7l8h48203z0w48n2mgc47pexk0hvjqs9hh6za23fhetxcgc4fdjqlamdx8n4g7s36fn4hdvv553y93lqrc2sfgnzq9ed84a,0.82,1955,bewiiee
addr1q8djfd9szkwxqz2mw345tlq9c0zzer73hv8ga62xzfp6gf20u8tkyz35j9lu03f3vcsxs5w7jrq55qfrkxfygert450s9heg8n,0.77,2474,samoigra
addr1qyl9v9yqptj4qwuawqrsu7sjqhnhzhgj6zjalsru2e7rnalpkv3snvcrcnaq4zrhe3nxe4q23zudg5v9n8zxvh6p4wzsgnur4q,0.73,2507,dallasjfitz
addr1q8g57ns40nwhr6sgnph28s7m30xzt6smkvuw4tfngm3vfu8np6780d2hu0x2cfzmnea7m7e8yaqrqe38gkw8yvk0ulyskfucs3,0.72,329,konradbaraniecki
addr1q8exgretnhv8uxxzyt6jcf2c0drnueuvma4tdpncxa2ll72s5sm4xjlfvap4gf2xt6a5x5lj3w592vxu7gr4aj2f4tws7hz52n,0.62,251,boneless4026
addr1q8k7q25vupdrw2r4a5k3d73ltdqzrql5pxg943rfxs6s7659pphl4u5t9rmx8laxyzv0cvestr4dr7y6mjcn2xnc0t6sw7fjlr,0.52,322,budang
addr1qykzm36j4kmz5ngjyh8p43zmknzcsyd7qsgdzg5lmx0cdhkcc0zdnlssmyuelr20rz6taad6tnxahmqnudr4jh4qkm6st5ypuj,0.52,773,johnny4200
addr1qyefwfskld82x7wkl529e4893dczm50vmcx4gw8mj23rrrk47vwtqxw6x7xf48am4dz4ljvsulqa49jnahgdlmf42sfqwtu2pe,0.44,2594,jimpaok
addr1q9c35vxn4g8uvptku95k7qtz3tvv3sldue4lvqauggv0t0dup66m9mjtk7uvrgqz944nlfgd5v9v3skd0rtgu9uzmuvsrs3u75,0.36,320,juvz9818
addr1qx32408p0v8emswv20s3w6yx576q4553utlaekln4caadg26fxaf3qhmxyzrgpfrus0sz8jjp45zsxt6aausepsqy8use2zeuk,0.30,1835,atlanick
addr1qxms8fqwfewxj24tfg0slw3xq0v6araudhnm4vaq0k0maulpd93efvcwad2ldn2dyh3gay83pjx2fvzwa88nax0zsagqknahcc,0.20,2586,fiddymaster
addr1q9s2mn803wxlqrrq9q22k7n4yg9gpqqtekcgal8dh2etsh2038m5sstyfyxz2mc8kxukkt4hsuqtdufq3ug3rthfl9ys0us77m,0.17,299,escapology
addr1qxt26esglw0awjxrcngrzluxskpywzxrh58lp5d94jsdjscktlf705h89d75h2pzfstnkv4eleaxrdzzqh5de5mrs7ss86u68d,0.16,2671,gunny.ada
addr1q8dr7f6qa2vdmfjkd6c22qrfu22ylunegh2mqjn66l6c92rcrtp3ncsf0yj2vzdx2fsv0z88ku09cfe2s30ulmuh825qwpkwpr,0.15,757,_kongming_
,0.07,1832,jopena
addr1q9uedfahqd76f6r2at9vxfsr6ys2l07uzv4dtdk2kvp5y8qc7mn0enq9hspx4glsglrdhut7ltpxtahxmg2463a2e4sspezjuq,0.06,570,ccal__
addr1qytq3dv4rthtugmr6zztjnrzgz35wcxnturjz8dsyxqch2l7tn3mszlqdsl5a20h7tnxxz3le9zr28d62d9djcyst9ys7lfqpg,0.00,702,soundmaker_
addr1qxun7zxa2m5emuxj5k7pk7u3ugpvm22ez992nap4ckzjwwgzzml5zcmr3rx7v4cnxplnjetmg0yhtp3wy6dea02c7hdqj4qdel,0.00,1826,fintech_fish
addr1qxktz24ncxwklguhnm5va6xwuh9f5tu344lnls2em5653zql5pgpsvvc0r9zk5p04n7agknvnsq0t8t4ml7zdm0e7tts9wvay9,0.00,971,rxl5_
addr1qyxktmlc6tk67ltykn4lp2gwgle7xqu2ge3qx0clpnqnukz8y8cjrsk5p9l0sudfe90gqduvl0e2cdfyckm59vkvu64slnrvk8,0.00,1579,ikemanav
addr1q8y4ldg2e5nuyst5ty4gdp8e62fgkgv7cc73qd7f0f4e4m42djal9l8tpqzqwquae69t2dyjdzss7mxmrmnwv7mthd4s837f5f,0.00,1292,mikedracula
addr1q9zwm8kp7f7hrjnpag3dv27len7hlg0d9e44vtmsee8h2h8hka379athnkczxsk9l2q064000e8u4m5crd0mskztpqksm3su9d,0.00,1546,tory.reut
addr1qxzyga20fw0fuqt4lgat8642lzdhgqtju8m4cpxcvx89l5eunulk27xfpydjdctxu34tdsl5pmma3p9fjxnq2vfj0e6smuphtz,0.00,1873,cavibo
addr1qysrvw2mq3hqv3g0m9dg8v833e9gswnr0apxptudrw5qwd4jcjxwk8n070rwh5xrszplhcs6ne2g8mm32ht5xewwdy8s7hnvzl,0.00,313,fatmanager
addr1q9xpjvu7pa4ujzamgn8l2a3xhpsrfzck7038tvea49d28ljelr0far75q09kprcassh6lwm3kle9evx7ymwrhlefk42qzaz7gu,0.00,1834,laleisa
addr1q8c4mr0z32zsycv4yllq0wwhpdwq4nr7w4vnh4kv0q2k2wxnzwwr28z30gargf77k2n2h80hmzq8hr0m42xrcyq8rgqq4f4e7q,0.00,1530,fuxa